email, first name, last name, phone number, birth day, birth month, birth year, post code, anual income
m5pyc4ntj6le5yawde19w@test.org, aNNXLwyrsd, XlSdEAcApb, 5921449295, 42, 52, 2172, GL53 7BY, 24218
mth0lkmnlau9sg50ae8um@test.org, izjQSAsYCu, BNUoNnyNDg, 0634515438, 84, 89, 4395, GL53 7BY, 23555
miwwn61kb82pljia453fs@test.org, sGilKVIrcL, ZCjeuwMWlo, 7792595016, 83, 73, 2096, GL53 7BY, 22583
d4jih15abozoossd76epj@test.org, VUfhswsinh, FOJnAIIBNa, 5641340342, 80, 42, 3422, GL53 7BY, 15478
gnbko75xsxtcqdokggu28@test.org, EOHtRzHgdF, KIDSgrqyEK, 8955965466, 43, 42, 7007, GL53 7BY, 42092
xb7d5m89fntnpt6p42var@test.org, RMYXIxZljI, CMnTFzAoly, 4991183244, , 71, 3425, GL53 7BY, 86935
w4n9l83iv9x2liivb5x20@test.org, aHLLoBAKIA, CFQLAmeiUZ, 8798176666, 7, 18, 7143, GL53 7BY, 06077
5gekcpqvfaf2g7k1uov16@test.org, rcIiriDLNO, MPhqMoLlkt, 6855470055, 7, 68, 7264, GL53 7BY, 64845
oqf795e7ezwfp8yqjb4dk@test.org, OhgVDaoRUh, cCglhYZjur, 5326448822, 9, 08, 5111, GL53 7BY, 10921
5okjnq881varbetlxji02@test.org, SpXAJAFjPk, swSFEIMMtQ, 0987970804, 6, 81, 3922, GL53 7BY, 90643
qwbzkxd4z1d328zw2aiur@test.org, oSryGgSpMb, PZkWVhjXLI, 1269068505, 23, 94, 3998, GL53 7BY, 72352
gtmr9eiwdoe6kimm7z2zr@test.org, IHiOwPbetr, DxlLQWIPLj, 0394588584, 65, 91, 3958, GL53 7BY, 17924
7jwytdykttbh3y2agovgs@test.org, kbIkvdawQP, nbutvYYiuG, 5705634988, -7, 69, 9373, GL53 7BY, 43299
wl7n23f6xset1pu8tl968@test.org, WsySbSVtUY, fVTxCRYjXu, 6882883195, 20, 99, 2366, GL53 7BY, 08464
liz4iu2lx508dmwwhoej3@test.org, FnRnHLRhKy, WEqUETpCDg, 3801079159, 10, 99, 2649, GL53 7BY, 03014
cno9vb02p2s4t0ox3pjkr@test.org, tFvsljrQUw, ZcJuDIckxW, 6249144322, 5, 98, 1041, GL53 7BY, 70773
ks6zo4uenpvkqkdrafo83@test.org, DtnMzetPIt, tDSmMQqtUv, 2269670989, 13, 83, 5852, GL53 7BY, 09334
6tb2nax0owvkw7oy0vwbg@test.org, eMGscdpVUz, DsLWeTMFGG, 9304684480, 11, 92, 2517, GL53 7BY, 47839
vshymg06phf1jo72yinkv@test.org, erQhBtkPGT, zKKHQdFDNr, 7475315392, 6, 11, 9525, GL53 7BY, 89537
b7h5qfzckadv6yglsaj4c@test.org, RtmqcqLJhO, cEENfKQtxT, 2678788205, 18, 5, 2203, GL53 7BY, 92696
86oldc24h5f6a3sbg0yyn@test.org, dobnbXXDny, zyEKLwWtTx, 2202023526, 5, 6, 83, GL53 7BY, 34961
xz0pkw6qg6bd4mfjbbrz0@test.org, fFDnwnNDQm, DXbVSpTvTx, 4354503499, 22, 2, 1972, GL53 7BY, 60168
ys0hkgaxv0yx7naipv1l3@test.org, nUlaEYmxqr, iLfkmnAanx, 1940706015, 13, 7, 1908, GL53 7BY, 08782
oueda9spbu3d92i7b49wb@test.org, JyvolMbPQT, NbGimNYUIA, 3579331286, 19, 9, 1927, GL53 7BY, 64222
nikr95kgc8ux9wgaymrfb@test.org, NSsdFEehlE, QDfyOtokRc, 7943422628, 29, 2, 1978, GL53 7BY, 85899
hseqbm4a77ky20us8g9s7@test.org, sYSGqVbHSj, uQRcDiKwDM, 3015470552, 9, 12, 1925, GL53 7BY, 02269
yctit8x6z2j6xdzm2eb08@test.org, EBqrdqkaLk, yGqwYmNhsl, 0060132307, 3, 11, 1950, GL53 7BY, 45303
gieojivjmx9a1vzjq6s61@test.org, zXLvnpecXq, sOuBNolnQn, 1156285294, 24, 6, 1957, GL53 7BY, 94238
ak91tco45fegp634esv4d@test.org, MbWUxeRAOt, CIYPCdiMRn, 4640918287, 11, 10, 1955, GL53 7BY, 52748
m4wz98o5yy0j8wbwwgd02@test.org, vPfhvbCDfw, pAJNhukDxD, 0911191897, 2, 1, 1987, GL53 7BY, 74358
s8gp0czi6wfnsjq6l5xbe@test.org, WBYmrVgWOO, DoUQchGrLp, 3819337710, 23, 8, 1977, GL53 7BY, 64250
l2dfnrjbl3vt5kfq3tx83@test.org, xSMgqbqhQS, lOBYQholDa, 1388911601, 12, 10, 1955, GL53 7BY, 29574
s8o8lha75iv1njujrelm1@test.org, PsOGvhotDY, xLDmqbvbVV, 0531477538, 29, 3, 1904, GL53 7BY, 21701
ebieo06lavisx5faa67qf@test.org, rMlfbZIzCY, UINlwpKKjd, 9724204336, 20, 1, 1983, GL53 7BY, 15367
d751p889oxg7xpbgzoeho@test.org, qdGknLvsPU, zYxoKvTENQ, 4961087230, 6, 2, 1976, GL53 7BY, 01582
z8m7des5hzzxc4ugy6c71@test.org, oBsFVmAnZh, KJlOBcecCo, 6050688012, 27, 9, 1922, GL53 7BY, 26995
2enfsznrniol7i0cw5cb3@test.org, XSYdyTHlLp, CjNOCFewxq, 1195832513, 10, 7, 1977, GL53 7BY, 17839
hn3972olkcfd8elnnh5y0@test.org, uzelcLgBYN, iiUSLoKYcx, 3454523335, 5, 12, 1918, GL53 7BY, 58216
q835vnspyfecbj0ait873@test.org, YJDZFBtJgK, UYCTwibgwE, 5807446175, 22, 4, 1922, GL53 7BY, 13831
